genename	clinvar_clnsig	pos(1-based)	gnomAD_genomes_AN	gnomAD_genomes_AF	HGVSc_VEP	HGVSp_VEP	panel_id	Inheritance	name	max_an	synth_flag	total_AF	occurrence_prob	expected_cases	prob_at_least_one
EGFR	Benign	55205550	152136	6.57307e-06	c.3431G>C	p.Gly1144Ala	19	AR	Multiple lipomas	152282	FALSE	0.288160264383511	3.78815197277343e-06	378.815197277343	1
EGFR	Benign	55161562	152182	0.233122	c.1427G>A	p.Arg476Lys	19	AR	Multiple lipomas	152282	FALSE	0.288160264383511	0.0800071274232259	8000712.74232259	1
EGFR	Benign	55170534	152090	0.0349924	c.2108C>T	p.Ser703Phe	19	AR	Multiple lipomas	152282	FALSE	0.288160264383511	0.0189423704130672	1894237.04130672	1
EGFR	Benign/Likely_benign	55205469	152150	0.00341768	c.3350G>A	p.Ser1117Asn	19	AR	Multiple lipomas	152282	FALSE	0.288160264383511	0.00195799860817408	195799.860817408	1
EGFR	Benign/Likely_benign	55154107	152164	0.000197156	c.709G>A	p.Glu237Lys	19	AR	Multiple lipomas	152282	FALSE	0.288160264383511	0.000113586179681255	11358.6179681255	1
EGFR	Benign/Likely_benign	55198725	152218	9.19734e-05	c.2575G>A	p.Val859Ile	19	AR	Multiple lipomas	152282	FALSE	0.288160264383511	5.29976994141933e-05	5299.76994141933	1
EGFR	Benign/Likely_benign	55201204	152174	0.00696571	c.2828A>C	p.His943Pro	19	AR	Multiple lipomas	152282	FALSE	0.288160264383511	0.00396596055463364	396596.055463364	1
EGFR	Conflicting_interpretations_of_pathogenicity	55201759	152164	7.88623e-05	c.3004G>A	p.Val1002Met	19	AR	Multiple lipomas	152282	FALSE	0.288160264383511	4.54437431734223e-05	4544.37431734223	1
EGFR	Conflicting_interpretations_of_pathogenicity	55201763	152198	7.22743e-05	c.3008C>T	p.Ala1003Val	19	AR	Multiple lipomas	152282	FALSE	0.288160264383511	4.16479392178259e-05	4164.79392178259	1
EGFR	Conflicting_interpretations_of_pathogenicity	55205451	152152	0.000584941	c.3332A>C	p.His1111Pro	19	AR	Multiple lipomas	152282	FALSE	0.288160264383511	0.00033677135044403	33677.135044403	1
EGFR	Conflicting_interpretations_of_pathogenicity	55181336	152196	6.57047e-06	c.2192G>A	p.Arg731His	19	AR	Multiple lipomas	152282	FALSE	0.288160264383511	3.78665357357184e-06	378.665357357184	1
EGFR	Conflicting_interpretations_of_pathogenicity	55181395	152162	1.31439e-05	c.2251G>A	p.Gly751Ser	19	AR	Multiple lipomas	152282	FALSE	0.288160264383511	7.57492663595366e-06	757.492663595366	1
EGFR	Conflicting_interpretations_of_pathogenicity	55191741	152100	3.28731e-05	c.2357G>A	p.Arg786His	19	AR	Multiple lipomas	152282	FALSE	0.288160264383511	1.89443617335076e-05	1894.43617335076	1
EGFR	Conflicting_interpretations_of_pathogenicity	55191755	152048	3.28844e-05	c.2371C>T	p.Arg791Cys	19	AR	Multiple lipomas	152282	FALSE	0.288160264383511	1.89508734124229e-05	1895.08734124229	1
EGFR	Conflicting_interpretations_of_pathogenicity	55191792	152068	0.000256464	c.2408C>T	p.Pro803Leu	19	AR	Multiple lipomas	152282	FALSE	0.288160264383511	0.00014773969430641	14773.969430641	1
EGFR	Conflicting_interpretations_of_pathogenicity	55154021	152108	7.2317e-05	c.623A>G	p.Lys208Arg	19	AR	Multiple lipomas	152282	FALSE	0.288160264383511	4.16725419303558e-05	4167.25419303558	1
EGFR	Conflicting_interpretations_of_pathogenicity	55154032	152116	0.000302401	c.634G>A	p.Glu212Lys	19	AR	Multiple lipomas	152282	FALSE	0.288160264383511	0.000174188457854875	17418.8457854875	1
EGFR	Conflicting_interpretations_of_pathogenicity	55019338	151218	7.27427e-05	c.61G>A	p.Ala21Thr	19	AR	Multiple lipomas	152282	FALSE	0.288160264383511	4.19178198275376e-05	4191.78198275376	1
EGFR	Conflicting_interpretations_of_pathogenicity	55146732	152206	1.31401e-05	c.551T>A	p.Leu184Gln	19	AR	Multiple lipomas	152282	FALSE	0.288160264383511	7.57273671782355e-06	757.273671782355	1
EGFR	Conflicting_interpretations_of_pathogenicity	55146732	152206	6.57004e-06	c.551T>C	p.Leu184Pro	19	AR	Multiple lipomas	152282	FALSE	0.288160264383511	3.78640576139489e-06	378.640576139489	1
EGFR	Conflicting_interpretations_of_pathogenicity	55155928	152226	1.31384e-05	c.853G>A	p.Glu285Lys	19	AR	Multiple lipomas	152282	FALSE	0.288160264383511	7.57175701759809e-06	757.175701759809	1
EGFR	Conflicting_interpretations_of_pathogenicity	55165331	152210	9.19782e-05	c.1639G>A	p.Val547Ile	19	AR	Multiple lipomas	152282	FALSE	0.288160264383511	5.30004648697637e-05	5300.04648697637	1
EGFR	Conflicting_interpretations_of_pathogenicity	55161570	152270	1.31346e-05	c.1435G>A	p.Val479Ile	19	AR	Multiple lipomas	152282	FALSE	0.288160264383511	7.56956709942617e-06	756.956709942618	1
EGFR	Conflicting_interpretations_of_pathogenicity	55165397	152190	1.31415e-05	c.1705G>A	p.Gly569Ser	19	AR	Multiple lipomas	152282	FALSE	0.288160264383511	7.57354352976958e-06	757.354352976958	1
EGFR	Likely_benign	55174761	152186	1.31418e-05	c.2089G>A	p.Val697Ile	19	AR	Multiple lipomas	152282	FALSE	0.288160264383511	7.57371641804322e-06	757.371641804322	1
EGFR	Likely_benign	55198792	152214	5.91273e-05	c.2642T>A	p.Ile881Asn	19	AR	Multiple lipomas	152282	FALSE	0.288160264383511	3.40727807629611e-05	3407.27807629611	1
EGFR	Likely_benign	55202638	152146	1.31453e-05	c.3149T>C	p.Val1050Ala	19	AR	Multiple lipomas	152282	FALSE	0.288160264383511	7.57573344788905e-06	757.573344788905	1
EGFR	Likely_benign	55161580	152272	0.000308658	c.1445G>A	p.Arg482Gln	19	AR	Multiple lipomas	152282	FALSE	0.288160264383511	0.000177790672007208	17779.0672007208	1
EGFR	Likely_pathogenic	55173126	151950	6.58111e-06	c.1926+2T>C	.	19	AR	Multiple lipomas	152282	FALSE	0.288160264383511	3.79278548406511e-06	379.278548406511	1
EGFR	Likely_pathogenic|drug_response	55174014	0	6.56672117045238e-06	c.2020G>C	p.Gly674Arg	19	AR	Multiple lipomas	152282	TRUE	0.288160264383511	3.78449309539379e-06	378.449309539379	1
EGFR	Pathogenic	55200384	152106	6.57436e-06	c.2782C>T	p.Arg928Ter	19	AR	Multiple lipomas	152282	FALSE	0.288160264383511	3.78889540929535e-06	378.889540929535	1
EGFR	Pathogenic	55142408	152204	6.57013e-06	c.211C>T	p.Gln71Ter	19	AR	Multiple lipomas	152282	FALSE	0.288160264383511	3.78645762905986e-06	378.645762905986	1
EGFR	Pathogenic	55161591	152254	6.56797e-06	c.1456C>T	p.Arg486Ter	19	AR	Multiple lipomas	152282	FALSE	0.288160264383511	3.78521280509602e-06	378.521280509602	1
EGFR	Pathogenic/Likely_pathogenic|drug_response	55174014	0	6.56672117045238e-06	c.2020G>T	p.Gly674Cys	19	AR	Multiple lipomas	152282	TRUE	0.288160264383511	3.78449309539379e-06	378.449309539379	1
EGFR	Uncertain_significance	55173096	152176	2.62854e-05	c.1898C>T	p.Thr633Met	19	AR	Multiple lipomas	152282	FALSE	0.288160264383511	1.51481247045995e-05	1514.81247045995	1
EGFR	Uncertain_significance	55173101	152170	1.31432e-05	c.1903C>T	p.Arg635Trp	19	AR	Multiple lipomas	152282	FALSE	0.288160264383511	7.57452322998449e-06	757.452322998449	1
EGFR	Uncertain_significance	55173107	152186	6.57091e-06	c.1909C>G	p.Leu637Val	19	AR	Multiple lipomas	152282	FALSE	0.288160264383511	3.78690714882229e-06	378.690714882229	1
EGFR	Uncertain_significance	55173093	152224	4.59849e-05	c.1895G>A	p.Arg632His	19	AR	Multiple lipomas	152282	FALSE	0.288160264383511	2.64999272722706e-05	2649.99272722706	1
EGFR	Uncertain_significance	55173102	152222	6.56935e-05	c.1904G>A	p.Arg635Gln	19	AR	Multiple lipomas	152282	FALSE	0.288160264383511	3.78561970206142e-05	3785.61970206142	1
EGFR	Uncertain_significance	55201351	152138	6.57298e-06	c.2975C>T	p.Ser992Phe	19	AR	Multiple lipomas	152282	FALSE	0.288160264383511	3.78810010510898e-06	378.810010510898	1
EGFR	Uncertain_significance	55201741	152206	6.57004e-06	c.2986A>G	p.Thr996Ala	19	AR	Multiple lipomas	152282	FALSE	0.288160264383511	3.78640576139489e-06	378.640576139489	1
EGFR	Uncertain_significance	55201745	152160	6.57203e-06	c.2990G>A	p.Ser997Asn	19	AR	Multiple lipomas	152282	FALSE	0.288160264383511	3.78755261309442e-06	378.755261309442	1
EGFR	Uncertain_significance	55201748	152164	6.57186e-06	c.2993A>G	p.Asn998Ser	19	AR	Multiple lipomas	152282	FALSE	0.288160264383511	3.78745464083899e-06	378.745464083899	1
EGFR	Uncertain_significance	55201753	152130	6.57333e-06	c.2998T>C	p.Ser1000Pro	19	AR	Multiple lipomas	152282	FALSE	0.288160264383511	3.78830181269284e-06	378.830181269284	1
EGFR	Uncertain_significance	55201769	152208	1.31399e-05	c.3014T>C	p.Ile1005Thr	19	AR	Multiple lipomas	152282	FALSE	0.288160264383511	7.57262145897379e-06	757.262145897379	1
EGFR	Uncertain_significance	55201769	152208	6.56996e-06	c.3014T>G	p.Ile1005Ser	19	AR	Multiple lipomas	152282	FALSE	0.288160264383511	3.78635965680379e-06	378.635965680379	1
EGFR	Uncertain_significance	55201774	152234	6.56883e-06	c.3019A>G	p.Arg1007Gly	19	AR	Multiple lipomas	152282	FALSE	0.288160264383511	3.78570842945311e-06	378.570842945311	1
EGFR	Uncertain_significance	55202522	152186	1.97127e-05	c.3033A>C	p.Gln1011His	19	AR	Multiple lipomas	152282	FALSE	0.288160264383511	1.13604450968844e-05	1136.04450968844	1
EGFR	Uncertain_significance	55202524	152212	1.31396e-05	c.3035G>A	p.Ser1012Asn	19	AR	Multiple lipomas	152282	FALSE	0.288160264383511	7.57244857069901e-06	757.244857069901	1
EGFR	Uncertain_significance	55201772	152198	7.22743e-05	c.3017A>G	p.Asp1006Gly	19	AR	Multiple lipomas	152282	FALSE	0.288160264383511	4.16479392178259e-05	4164.79392178259	1
EGFR	Uncertain_significance	55201326	151952	1.31621e-05	c.2950A>G	p.Thr984Ala	19	AR	Multiple lipomas	152282	FALSE	0.288160264383511	7.58541519080802e-06	758.541519080802	1
EGFR	Uncertain_significance	55201327	152138	1.97189e-05	c.2951C>T	p.Thr984Met	19	AR	Multiple lipomas	152282	FALSE	0.288160264383511	1.13640180396868e-05	1136.40180396868	1
EGFR	Uncertain_significance	55201332	152168	6.57168e-06	c.2956C>G	p.Arg986Gly	19	AR	Multiple lipomas	152282	FALSE	0.288160264383511	3.78735090550965e-06	378.735090550965	1
EGFR	Uncertain_significance	55201333	152018	5.26253e-05	c.2957G>A	p.Arg986Gln	19	AR	Multiple lipomas	152282	FALSE	0.288160264383511	3.03262713003231e-05	3032.62713003231	1
EGFR	Uncertain_significance	55201342	152140	6.57289e-06	c.2966T>C	p.Leu989Pro	19	AR	Multiple lipomas	152282	FALSE	0.288160264383511	3.78804823744452e-06	378.804823744452	1
EGFR	Uncertain_significance	55201229	152174	6.57142e-06	c.2853C>A	p.Asn951Lys	19	AR	Multiple lipomas	152282	FALSE	0.288160264383511	3.78720106558937e-06	378.720106558937	1
EGFR	Uncertain_significance	55201237	152104	0.000138063	c.2861G>A	p.Arg954His	19	AR	Multiple lipomas	152282	FALSE	0.288160264383511	7.95494797711925e-05	7954.94797711925	1
EGFR	Uncertain_significance	55201261	152154	6.57229e-06	c.2885T>C	p.Met962Thr	19	AR	Multiple lipomas	152282	FALSE	0.288160264383511	3.78770245301437e-06	378.770245301437	1
EGFR	Uncertain_significance	55201266	152124	1.31472e-05	c.2890G>A	p.Asp964Asn	19	AR	Multiple lipomas	152282	FALSE	0.288160264383511	7.57682840693796e-06	757.682840693796	1
EGFR	Uncertain_significance	55201269	152162	1.31439e-05	c.2893G>A	p.Val965Met	19	AR	Multiple lipomas	152282	FALSE	0.288160264383511	7.57492663595366e-06	757.492663595366	1
EGFR	Uncertain_significance	55201272	152158	6.57212e-06	c.2896G>C	p.Val966Leu	19	AR	Multiple lipomas	152282	FALSE	0.288160264383511	3.78760448075903e-06	378.760448075903	1
EGFR	Uncertain_significance	55201275	152124	6.57358e-06	c.2899G>C	p.Asp967His	19	AR	Multiple lipomas	152282	FALSE	0.288160264383511	3.78844588953831e-06	378.844588953831	1
EGFR	Uncertain_significance	55201281	152098	1.31494e-05	c.2905G>A	p.Asp969Asn	19	AR	Multiple lipomas	152282	FALSE	0.288160264383511	7.57809625424873e-06	757.809625424873	1
EGFR	Uncertain_significance	55201293	152142	6.57281e-06	c.2917A>G	p.Ile973Val	19	AR	Multiple lipomas	152282	FALSE	0.288160264383511	3.78800213285388e-06	378.800213285388	1
EGFR	Uncertain_significance	55201306	152106	1.31487e-05	c.2930G>A	p.Gly977Asp	19	AR	Multiple lipomas	152282	FALSE	0.288160264383511	7.57769284828726e-06	757.769284828726	1
EGFR	Uncertain_significance	55205385	152076	1.31513e-05	c.3266G>A	p.Gly1089Asp	19	AR	Multiple lipomas	152282	FALSE	0.288160264383511	7.57919121328205e-06	757.919121328206	1
EGFR	Uncertain_significance	55205389	152168	3.28584e-05	c.3270C>A	p.Asn1090Lys	19	AR	Multiple lipomas	152282	FALSE	0.288160264383511	1.89358907879878e-05	1893.58907879878	1
EGFR	Uncertain_significance	55205411	152166	2.62871e-05	c.3292C>G	p.Gln1098Glu	19	AR	Multiple lipomas	152282	FALSE	0.288160264383511	1.51491043601252e-05	1514.91043601252	1
EGFR	Uncertain_significance	55205421	152124	1.31472e-05	c.3302G>A	p.Cys1101Tyr	19	AR	Multiple lipomas	152282	FALSE	0.288160264383511	7.57682840693796e-06	757.682840693796	1
EGFR	Uncertain_significance	55205421	152124	6.57358e-06	c.3302G>T	p.Cys1101Phe	19	AR	Multiple lipomas	152282	FALSE	0.288160264383511	3.78844588953831e-06	378.844588953831	1
EGFR	Uncertain_significance	55205438	152060	1.31527e-05	c.3319G>A	p.Asp1107Asn	19	AR	Multiple lipomas	152282	FALSE	0.288160264383511	7.57999802519673e-06	757.999802519673	1
EGFR	Uncertain_significance	55205438	152060	4.60345e-05	c.3319G>C	p.Asp1107His	19	AR	Multiple lipomas	152282	FALSE	0.288160264383511	2.65285082063353e-05	2652.85082063353	1
EGFR	Uncertain_significance	55205455	152074	6.57575e-06	c.3336G>C	p.Trp1112Cys	19	AR	Multiple lipomas	152282	FALSE	0.288160264383511	3.78969647655169e-06	378.969647655169	1
EGFR	Uncertain_significance	55205460	152222	6.56935e-06	c.3341A>G	p.Gln1114Arg	19	AR	Multiple lipomas	152282	FALSE	0.288160264383511	3.78600810929622e-06	378.600810929622	1
EGFR	Uncertain_significance	55205470	152172	6.57151e-06	c.3351C>G	p.Ser1117Arg	19	AR	Multiple lipomas	152282	FALSE	0.288160264383511	3.7872529332541e-06	378.72529332541	1
EGFR	Uncertain_significance	55205471	152162	1.31439e-05	c.3352C>T	p.His1118Tyr	19	AR	Multiple lipomas	152282	FALSE	0.288160264383511	7.57492663595366e-06	757.492663595366	1
EGFR	Uncertain_significance	55205481	152144	6.57272e-06	c.3362G>A	p.Ser1121Asn	19	AR	Multiple lipomas	152282	FALSE	0.288160264383511	3.78795026518939e-06	378.795026518939	1
EGFR	Uncertain_significance	55205502	152230	6.56901e-06	c.3383A>G	p.Gln1128Arg	19	AR	Multiple lipomas	152282	FALSE	0.288160264383511	3.78581216478348e-06	378.581216478348	1
EGFR	Uncertain_significance	55205514	152146	6.57263e-06	c.3395T>C	p.Phe1132Ser	19	AR	Multiple lipomas	152282	FALSE	0.288160264383511	3.78789839752488e-06	378.789839752488	1
EGFR	Uncertain_significance	55205531	152194	6.57056e-06	c.3412C>A	p.Pro1138Thr	19	AR	Multiple lipomas	152282	FALSE	0.288160264383511	3.78670544123673e-06	378.670544123673	1
EGFR	Uncertain_significance	55205535	152192	1.97119e-05	c.3416A>G	p.Asn1139Ser	19	AR	Multiple lipomas	152282	FALSE	0.288160264383511	1.13599840720011e-05	1135.99840720011	1
EGFR	Uncertain_significance	55205556	152178	4.59988e-05	c.3437C>T	p.Thr1146Ile	19	AR	Multiple lipomas	152282	FALSE	0.288160264383511	2.65079368490471e-05	2650.79368490471	1
EGFR	Uncertain_significance	55205561	152154	1.97169e-05	c.3442G>A	p.Glu1148Lys	19	AR	Multiple lipomas	152282	FALSE	0.288160264383511	1.13628654775009e-05	1136.28654775009	1
EGFR	Uncertain_significance	55205585	152112	2.62964e-05	c.3466G>A	p.Ala1156Thr	19	AR	Multiple lipomas	152282	FALSE	0.288160264383511	1.51544636520162e-05	1515.44636520162	1
EGFR	Uncertain_significance	55205586	152120	1.31475e-05	c.3467C>A	p.Ala1156Glu	19	AR	Multiple lipomas	152282	FALSE	0.288160264383511	7.57700129520818e-06	757.700129520818	1
EGFR	Uncertain_significance	55205586	152120	1.97213e-05	c.3467C>T	p.Ala1156Val	19	AR	Multiple lipomas	152282	FALSE	0.288160264383511	1.13654011142994e-05	1136.54011142994	1
EGFR	Uncertain_significance	55205610	152162	6.57194e-06	c.3491G>C	p.Gly1164Ala	19	AR	Multiple lipomas	152282	FALSE	0.288160264383511	3.78750074542978e-06	378.750074542978	1
EGFR	Uncertain_significance	55205613	152170	0.000348295	c.3494C>T	p.Ala1165Val	19	AR	Multiple lipomas	152282	FALSE	0.288160264383511	0.000200608249159885	20060.8249159885	1
EGFR	Uncertain_significance	55172994	152214	1.31394e-05	c.1796C>T	p.Pro599Leu	19	AR	Multiple lipomas	152282	FALSE	0.288160264383511	7.57233331184906e-06	757.233331184906	1
EGFR	Uncertain_significance	55172999	152164	0.000210299	c.1801A>C	p.Ile601Leu	19	AR	Multiple lipomas	152282	FALSE	0.288160264383511	0.000121155405209775	12115.5405209775	1
EGFR	Uncertain_significance	55173000	152176	6.57134e-06	c.1802T>G	p.Ile601Ser	19	AR	Multiple lipomas	152282	FALSE	0.288160264383511	3.78715496099849e-06	378.715496099849	1
EGFR	Uncertain_significance	55173002	152156	6.5722e-06	c.1804G>A	p.Ala602Thr	19	AR	Multiple lipomas	152282	FALSE	0.288160264383511	3.78765058534979e-06	378.765058534979	1
EGFR	Uncertain_significance	55173006	152220	6.56944e-06	c.1808C>G	p.Thr603Ser	19	AR	Multiple lipomas	152282	FALSE	0.288160264383511	3.78605997696132e-06	378.605997696132	1
EGFR	Uncertain_significance	55173015	152122	6.57367e-06	c.1817T>G	p.Val606Gly	19	AR	Multiple lipomas	152282	FALSE	0.288160264383511	3.78849775720264e-06	378.849775720264	1
EGFR	Uncertain_significance	55173023	152218	6.56953e-06	c.1825C>T	p.Leu609Phe	19	AR	Multiple lipomas	152282	FALSE	0.288160264383511	3.7861118446264e-06	378.61118446264	1
EGFR	Uncertain_significance	55173038	152170	6.5716e-06	c.1840G>C	p.Val614Leu	19	AR	Multiple lipomas	152282	FALSE	0.288160264383511	3.78730480091881e-06	378.730480091881	1
EGFR	Uncertain_significance	55173041	152168	1.31434e-05	c.1843G>A	p.Val615Met	19	AR	Multiple lipomas	152282	FALSE	0.288160264383511	7.57463848883293e-06	757.463848883293	1
EGFR	Uncertain_significance	55173056	152178	2.6285e-05	c.1858G>A	p.Gly620Ser	19	AR	Multiple lipomas	152282	FALSE	0.288160264383511	1.51478941974162e-05	1514.78941974162	1
EGFR	Uncertain_significance	55173065	152116	6.57393e-06	c.1867A>C	p.Met623Leu	19	AR	Multiple lipomas	152282	FALSE	0.288160264383511	3.78864759712175e-06	378.864759712175	1
EGFR	Uncertain_significance	55173069	152184	6.57099e-06	c.1871G>A	p.Arg624Gln	19	AR	Multiple lipomas	152282	FALSE	0.288160264383511	3.78695325341324e-06	378.695325341324	1
EGFR	Uncertain_significance	55173083	152194	3.94234e-05	c.1885G>A	p.Val629Ile	19	AR	Multiple lipomas	152282	FALSE	0.288160264383511	2.27189605293263e-05	2271.89605293263	1
EGFR	Uncertain_significance	55173083	152194	6.57056e-06	c.1885G>T	p.Val629Phe	19	AR	Multiple lipomas	152282	FALSE	0.288160264383511	3.78670544123673e-06	378.670544123673	1
EGFR	Uncertain_significance	55173087	152188	0.00024312	c.1889G>A	p.Arg630Gln	19	AR	Multiple lipomas	152282	FALSE	0.288160264383511	0.000140055939619439	14005.5939619439	1
EGFR	Uncertain_significance	55173092	152180	1.31423e-05	c.1894C>T	p.Arg632Cys	19	AR	Multiple lipomas	152282	FALSE	0.288160264383511	7.57400456516555e-06	757.400456516555	1
EGFR	Uncertain_significance	55173986	152226	6.56918e-06	c.1992A>C	p.Glu664Asp	19	AR	Multiple lipomas	152282	FALSE	0.288160264383511	3.78591013703988e-06	378.591013703988	1
EGFR	Uncertain_significance	55173997	152234	1.97065e-05	c.2003A>C	p.Lys668Thr	19	AR	Multiple lipomas	152282	FALSE	0.288160264383511	1.13568721540051e-05	1135.68721540051	1
EGFR	Uncertain_significance	55174020	152238	6.56866e-06	c.2026G>A	p.Gly676Ser	19	AR	Multiple lipomas	152282	FALSE	0.288160264383511	3.7856104571966e-06	378.56104571966	1
EGFR	Uncertain_significance	55174029	152222	6.56935e-06	c.2035G>A	p.Gly679Ser	19	AR	Multiple lipomas	152282	FALSE	0.288160264383511	3.78600810929622e-06	378.600810929622	1
EGFR	Uncertain_significance	55174033	152208	1.31399e-05	c.2039C>T	p.Thr680Met	19	AR	Multiple lipomas	152282	FALSE	0.288160264383511	7.57262145897379e-06	757.262145897379	1
EGFR	Uncertain_significance	55174039	152250	6.56814e-05	c.2045A>G	p.Tyr682Cys	19	AR	Multiple lipomas	152282	FALSE	0.288160264383511	3.78492251318524e-05	3784.92251318524	1
EGFR	Uncertain_significance	55174754	152188	6.57082e-06	c.2082A>T	p.Lys694Asn	19	AR	Multiple lipomas	152282	FALSE	0.288160264383511	3.78685528115746e-06	378.685528115746	1
EGFR	Uncertain_significance	55174764	152158	1.97163e-05	c.2092G>A	p.Ala698Thr	19	AR	Multiple lipomas	152282	FALSE	0.288160264383511	1.13625197088436e-05	1136.25197088436	1
EGFR	Uncertain_significance	55174795	152210	6.56987e-06	c.2123C>T	p.Pro708Leu	19	AR	Multiple lipomas	152282	FALSE	0.288160264383511	3.78630778913878e-06	378.630778913878	1
EGFR	Uncertain_significance	55174818	152220	6.56944e-06	c.2146G>A	p.Asp716Asn	19	AR	Multiple lipomas	152282	FALSE	0.288160264383511	3.78605997696132e-06	378.605997696132	1
EGFR	Uncertain_significance	55181302	152214	3.28485e-05	c.2158G>A	p.Val720Met	19	AR	Multiple lipomas	152282	FALSE	0.288160264383511	1.89301858652513e-05	1893.01858652513	1
EGFR	Uncertain_significance	55181302	152214	1.97091e-05	c.2158G>C	p.Val720Leu	19	AR	Multiple lipomas	152282	FALSE	0.288160264383511	1.13583704848993e-05	1135.83704848993	1
EGFR	Uncertain_significance	55181311	152218	6.56953e-06	c.2167A>G	p.Ser723Gly	19	AR	Multiple lipomas	152282	FALSE	0.288160264383511	3.7861118446264e-06	378.61118446264	1
EGFR	Uncertain_significance	55181314	152224	6.56927e-06	c.2170G>A	p.Val724Met	19	AR	Multiple lipomas	152282	FALSE	0.288160264383511	3.78596200470501e-06	378.596200470501	1
EGFR	Uncertain_significance	55181329	152190	3.94244e-05	c.2185G>C	p.Val729Leu	19	AR	Multiple lipomas	152282	FALSE	0.288160264383511	2.27195367710073e-05	2271.95367710073	1
EGFR	Uncertain_significance	55181335	152234	6.56883e-06	c.2191C>T	p.Arg731Cys	19	AR	Multiple lipomas	152282	FALSE	0.288160264383511	3.78570842945311e-06	378.570842945311	1
EGFR	Uncertain_significance	55181344	152204	6.57013e-06	c.2200G>T	p.Gly734Cys	19	AR	Multiple lipomas	152282	FALSE	0.288160264383511	3.78645762905986e-06	378.645762905986	1
EGFR	Uncertain_significance	55181365	152188	1.31416e-05	c.2221G>A	p.Val741Met	19	AR	Multiple lipomas	152282	FALSE	0.288160264383511	7.57360115919415e-06	757.360115919415	1
EGFR	Uncertain_significance	55181389	152242	1.97055e-05	c.2245C>A	p.Pro749Thr	19	AR	Multiple lipomas	152282	FALSE	0.288160264383511	1.13562958728883e-05	1135.62958728883	1
EGFR	Uncertain_significance	55181413	152220	6.56944e-06	c.2269G>A	p.Val757Ile	19	AR	Multiple lipomas	152282	FALSE	0.288160264383511	3.78605997696132e-06	378.605997696132	1
EGFR	Uncertain_significance	55181417	152208	1.31399e-05	c.2273G>A	p.Arg758Gln	19	AR	Multiple lipomas	152282	FALSE	0.288160264383511	7.57262145897379e-06	757.262145897379	1
EGFR	Uncertain_significance	55181419	152208	6.56996e-06	c.2275G>A	p.Glu759Lys	19	AR	Multiple lipomas	152282	FALSE	0.288160264383511	3.78635965680379e-06	378.635965680379	1
EGFR	Uncertain_significance	55181425	152190	1.31415e-05	c.2281A>G	p.Lys761Glu	19	AR	Multiple lipomas	152282	FALSE	0.288160264383511	7.57354352976958e-06	757.354352976958	1
EGFR	Uncertain_significance	55181473	152194	1.97117e-05	c.2329G>A	p.Ala777Thr	19	AR	Multiple lipomas	152282	FALSE	0.288160264383511	1.135986881578e-05	1135.986881578	1
EGFR	Uncertain_significance	55191724	152110	6.57419e-06	c.2340G>T	p.Met780Ile	19	AR	Multiple lipomas	152282	FALSE	0.288160264383511	3.78879743704072e-06	378.879743704072	1
EGFR	Uncertain_significance	55191740	152070	0.000118367	c.2356C>T	p.Arg786Cys	19	AR	Multiple lipomas	152282	FALSE	0.288160264383511	6.82033212818772e-05	6820.33212818772	1
EGFR	Uncertain_significance	55191744	152064	6.57618e-06	c.2360G>A	p.Arg787His	19	AR	Multiple lipomas	152282	FALSE	0.288160264383511	3.78994428872373e-06	378.994428872373	1
EGFR	Uncertain_significance	55191756	152026	1.97335e-05	c.2372G>A	p.Arg791His	19	AR	Multiple lipomas	152282	FALSE	0.288160264383511	1.13724317434018e-05	1137.24317434018	1
EGFR	Uncertain_significance	55191758	152064	1.97285e-05	c.2374G>A	p.Asp792Asn	19	AR	Multiple lipomas	152282	FALSE	0.288160264383511	1.1369550338068e-05	1136.9550338068	1
EGFR	Uncertain_significance	55191767	152152	6.57237e-05	c.2383G>A	p.Ala795Thr	19	AR	Multiple lipomas	152282	FALSE	0.288160264383511	3.78735979317835e-05	3787.35979317835	1
EGFR	Uncertain_significance	55191776	152092	6.57497e-06	c.2392G>A	p.Val798Ile	19	AR	Multiple lipomas	152282	FALSE	0.288160264383511	3.78924695679681e-06	378.924695679681	1
EGFR	Uncertain_significance	55191804	152160	6.57203e-06	c.2420A>G	p.Lys807Arg	19	AR	Multiple lipomas	152282	FALSE	0.288160264383511	3.78755261309442e-06	378.755261309442	1
EGFR	Uncertain_significance	55192788	152186	6.57091e-06	c.2513T>C	p.Leu838Ser	19	AR	Multiple lipomas	152282	FALSE	0.288160264383511	3.78690714882229e-06	378.690714882229	1
EGFR	Uncertain_significance	55192830	152236	6.56875e-06	c.2555T>C	p.Val852Ala	19	AR	Multiple lipomas	152282	FALSE	0.288160264383511	3.78566232486182e-06	378.566232486182	1
EGFR	Uncertain_significance	55198717	152122	1.31473e-05	c.2567G>C	p.Gly856Ala	19	AR	Multiple lipomas	152282	FALSE	0.288160264383511	7.57688603636139e-06	757.688603636139	1
EGFR	Uncertain_significance	55198738	152224	0.000216786	c.2588T>C	p.Met863Thr	19	AR	Multiple lipomas	152282	FALSE	0.288160264383511	0.000124891225979492	12489.1225979492	1
EGFR	Uncertain_significance	55198761	152182	6.57108e-05	c.2611G>A	p.Asp871Asn	19	AR	Multiple lipomas	152282	FALSE	0.288160264383511	3.78661650924674e-05	3786.61650924674	1
EGFR	Uncertain_significance	55198764	152164	1.31437e-05	c.2614G>A	p.Gly872Arg	19	AR	Multiple lipomas	152282	FALSE	0.288160264383511	7.57481137710543e-06	757.481137710543	1
EGFR	Uncertain_significance	55198779	152194	6.57056e-06	c.2629G>A	p.Glu877Lys	19	AR	Multiple lipomas	152282	FALSE	0.288160264383511	3.78670544123673e-06	378.670544123673	1
EGFR	Uncertain_significance	55198779	152194	6.57056e-06	c.2629G>C	p.Glu877Gln	19	AR	Multiple lipomas	152282	FALSE	0.288160264383511	3.78670544123673e-06	378.670544123673	1
EGFR	Uncertain_significance	55198815	152194	9.85584e-05	c.2665C>T	p.Pro889Ser	19	AR	Multiple lipomas	152282	FALSE	0.288160264383511	5.67915154442212e-05	5679.15154442212	1
EGFR	Uncertain_significance	55198839	152176	1.31427e-05	c.2689G>A	p.Asp897Asn	19	AR	Multiple lipomas	152282	FALSE	0.288160264383511	7.57423508286306e-06	757.423508286306	1
EGFR	Uncertain_significance	55198839	152176	6.57134e-06	c.2689G>C	p.Asp897His	19	AR	Multiple lipomas	152282	FALSE	0.288160264383511	3.78715496099849e-06	378.715496099849	1
EGFR	Uncertain_significance	55198854	152230	6.56901e-06	c.2704A>G	p.Met902Val	19	AR	Multiple lipomas	152282	FALSE	0.288160264383511	3.78581216478348e-06	378.581216478348	1
EGFR	Uncertain_significance	55198857	152220	1.97083e-05	c.2707G>A	p.Val903Ile	19	AR	Multiple lipomas	152282	FALSE	0.288160264383511	1.13579094600102e-05	1135.79094600102	1
EGFR	Uncertain_significance	55200330	152056	1.3153e-05	c.2728G>A	p.Ala910Thr	19	AR	Multiple lipomas	152282	FALSE	0.288160264383511	7.58017091346365e-06	758.017091346365	1
EGFR	Uncertain_significance	55200340	151954	6.58094e-06	c.2738G>A	p.Arg913His	19	AR	Multiple lipomas	152282	FALSE	0.288160264383511	3.79268751181277e-06	379.268751181277	1
EGFR	Uncertain_significance	55200345	152086	6.57523e-06	c.2743A>G	p.Lys915Glu	19	AR	Multiple lipomas	152282	FALSE	0.288160264383511	3.78939679671524e-06	378.939679671524	1
EGFR	Uncertain_significance	55200351	152144	6.57272e-05	c.2749C>G	p.Arg917Gly	19	AR	Multiple lipomas	152282	FALSE	0.288160264383511	3.7875614593556e-05	3787.5614593556	1
EGFR	Uncertain_significance	55200351	152144	6.57272e-05	c.2749C>T	p.Arg917Cys	19	AR	Multiple lipomas	152282	FALSE	0.288160264383511	3.7875614593556e-05	3787.5614593556	1
EGFR	Uncertain_significance	55200352	152080	0.000118359	c.2750G>A	p.Arg917His	19	AR	Multiple lipomas	152282	FALSE	0.288160264383511	6.8198712611455e-05	6819.8712611455	1
EGFR	Uncertain_significance	55200355	152076	6.57566e-06	c.2753A>G	p.Glu918Gly	19	AR	Multiple lipomas	152282	FALSE	0.288160264383511	3.78964460888772e-06	378.964460888773	1
EGFR	Uncertain_significance	55200384	152106	6.57436e-06	c.2782C>G	p.Arg928Gly	19	AR	Multiple lipomas	152282	FALSE	0.288160264383511	3.78889540929535e-06	378.889540929535	1
EGFR	Uncertain_significance	55200385	152046	1.97309e-05	c.2783G>A	p.Arg928Gln	19	AR	Multiple lipomas	152282	FALSE	0.288160264383511	1.13709334126344e-05	1137.09334126344	1
EGFR	Uncertain_significance	55200387	152110	6.57419e-06	c.2785G>A	p.Asp929Asn	19	AR	Multiple lipomas	152282	FALSE	0.288160264383511	3.78879743704072e-06	378.879743704072	1
EGFR	Uncertain_significance	55200394	152056	6.57652e-06	c.2792A>G	p.Gln931Arg	19	AR	Multiple lipomas	152282	FALSE	0.288160264383511	3.79014023323159e-06	379.014023323159	1
EGFR	Uncertain_significance	55200397	152068	1.3152e-05	c.2795G>A	p.Arg932His	19	AR	Multiple lipomas	152282	FALSE	0.288160264383511	7.57959461923988e-06	757.959461923988	1
EGFR	Uncertain_significance	55200397	152068	6.57601e-06	c.2795G>C	p.Arg932Pro	19	AR	Multiple lipomas	152282	FALSE	0.288160264383511	3.78984631646971e-06	378.984631646971	1
EGFR	Uncertain_significance	55201204	152174	4.6e-05	c.2828A>G	p.His943Arg	19	AR	Multiple lipomas	152282	FALSE	0.288160264383511	2.6508628323283e-05	2650.8628323283	1
EGFR	Uncertain_significance	55201228	152152	6.57237e-06	c.2852A>G	p.Asn951Ser	19	AR	Multiple lipomas	152282	FALSE	0.288160264383511	3.7877485576051e-06	378.77485576051	1
EGFR	Uncertain_significance	55152656	152162	3.28597e-05	c.604G>A	p.Asp202Asn	19	AR	Multiple lipomas	152282	FALSE	0.288160264383511	1.89366399192416e-05	1893.66399192416	1
EGFR	Uncertain_significance	55154018	152134	1.31463e-05	c.620G>A	p.Arg207His	19	AR	Multiple lipomas	152282	FALSE	0.288160264383511	7.57630974212622e-06	757.630974212622	1
EGFR	Uncertain_significance	55154027	152150	5.25797e-05	c.629G>A	p.Arg210Gln	19	AR	Multiple lipomas	152282	FALSE	0.288160264383511	3.02999958815593e-05	3029.99958815593	1
EGFR	Uncertain_significance	55154060	152222	1.31387e-05	c.662C>A	p.Pro221Gln	19	AR	Multiple lipomas	152282	FALSE	0.288160264383511	7.57192990587359e-06	757.192990587359	1
EGFR	Uncertain_significance	55154060	152222	6.56935e-06	c.662C>G	p.Pro221Arg	19	AR	Multiple lipomas	152282	FALSE	0.288160264383511	3.78600810929622e-06	378.600810929622	1
EGFR	Uncertain_significance	55154084	152240	6.56858e-06	c.686C>T	p.Thr229Met	19	AR	Multiple lipomas	152282	FALSE	0.288160264383511	3.78556435260527e-06	378.556435260527	1
EGFR	Uncertain_significance	55154090	152152	6.57237e-06	c.692A>G	p.Gln231Arg	19	AR	Multiple lipomas	152282	FALSE	0.288160264383511	3.7877485576051e-06	378.77485576051	1
EGFR	Uncertain_significance	55154093	152192	6.57065e-06	c.695T>C	p.Met232Thr	19	AR	Multiple lipomas	152282	FALSE	0.288160264383511	3.78675730890162e-06	378.675730890162	1
EGFR	Uncertain_significance	55019291	151114	6.61752e-06	c.14G>C	p.Gly5Ala	19	AR	Multiple lipomas	152282	FALSE	0.288160264383511	3.8137688339554e-06	381.37688339554	1
EGFR	Uncertain_significance	55019293	150988	1.98691e-05	c.16A>G	p.Thr6Ala	19	AR	Multiple lipomas	152282	FALSE	0.288160264383511	1.145057543699e-05	1145.057543699	1
EGFR	Uncertain_significance	55019296	151156	1.32314e-05	c.19G>C	p.Ala7Pro	19	AR	Multiple lipomas	152282	FALSE	0.288160264383511	7.62535237438202e-06	762.535237438202	1
EGFR	Uncertain_significance	55154152	152230	6.56901e-06	c.754C>T	p.Arg252Cys	19	AR	Multiple lipomas	152282	FALSE	0.288160264383511	3.78581216478348e-06	378.581216478348	1
EGFR	Uncertain_significance	55155848	152122	1.31473e-05	c.773A>T	p.Asp258Val	19	AR	Multiple lipomas	152282	FALSE	0.288160264383511	7.57688603636139e-06	757.688603636139	1
EGFR	Uncertain_significance	55155878	152070	5.26074e-05	c.803C>T	p.Ala268Val	19	AR	Multiple lipomas	152282	FALSE	0.288160264383511	3.03159570465235e-05	3031.59570465235	1
EGFR	Uncertain_significance	55155880	152118	6.57384e-06	c.805G>A	p.Asp269Asn	19	AR	Multiple lipomas	152282	FALSE	0.288160264383511	3.78859572945746e-06	378.859572945746	1
EGFR	Uncertain_significance	55202553	152248	6.56823e-06	c.3064C>A	p.Gln1022Lys	19	AR	Multiple lipomas	152282	FALSE	0.288160264383511	3.78536264501809e-06	378.536264501809	1
EGFR	Uncertain_significance	55202569	152068	1.3152e-05	c.3080A>G	p.Asp1027Gly	19	AR	Multiple lipomas	152282	FALSE	0.288160264383511	7.57959461923988e-06	757.959461923988	1
EGFR	Uncertain_significance	55202580	152174	6.57142e-06	c.3091G>A	p.Ala1031Thr	19	AR	Multiple lipomas	152282	FALSE	0.288160264383511	3.78720106558937e-06	378.720106558937	1
EGFR	Uncertain_significance	55202581	152234	2.62753e-05	c.3092C>T	p.Ala1031Val	19	AR	Multiple lipomas	152282	FALSE	0.288160264383511	1.51423043981221e-05	1514.23043981221	1
EGFR	Uncertain_significance	55202591	152222	6.56935e-06	c.3102G>C	p.Glu1034Asp	19	AR	Multiple lipomas	152282	FALSE	0.288160264383511	3.78600810929622e-06	378.600810929622	1
EGFR	Uncertain_significance	55202592	152204	1.31403e-05	c.3103G>A	p.Asp1035Asn	19	AR	Multiple lipomas	152282	FALSE	0.288160264383511	7.57285197667322e-06	757.285197667322	1
EGFR	Uncertain_significance	55202604	152166	1.97153e-05	c.3115G>A	p.Asp1039Asn	19	AR	Multiple lipomas	152282	FALSE	0.288160264383511	1.13619434277464e-05	1136.19434277464	1
EGFR	Uncertain_significance	55202610	152186	6.57091e-06	c.3121T>A	p.Phe1041Ile	19	AR	Multiple lipomas	152282	FALSE	0.288160264383511	3.78690714882229e-06	378.690714882229	1
EGFR	Uncertain_significance	55202622	152202	6.57022e-06	c.3133C>T	p.Pro1045Ser	19	AR	Multiple lipomas	152282	FALSE	0.288160264383511	3.78650949672482e-06	378.650949672482	1
EGFR	Uncertain_significance	55202625	152162	6.57194e-06	c.3136G>A	p.Glu1046Lys	19	AR	Multiple lipomas	152282	FALSE	0.288160264383511	3.78750074542978e-06	378.750074542978	1
EGFR	Uncertain_significance	55202625	152162	6.57194e-06	c.3136G>A	p.Gly1046Ser	19	AR	Multiple lipomas	152282	FALSE	0.288160264383511	3.78750074542978e-06	378.750074542978	1
EGFR	Uncertain_significance	55202654	152196	1.31409e-05	c.3165C>A	p.Cys1055Ter	19	AR	Multiple lipomas	152282	FALSE	0.288160264383511	7.57319775322176e-06	757.319775322176	1
EGFR	Uncertain_significance	55205261	152164	6.57186e-06	c.3142A>G	p.Ile1048Val	19	AR	Multiple lipomas	152282	FALSE	0.288160264383511	3.78745464083899e-06	378.745464083899	1
EGFR	Uncertain_significance	55205273	152072	5.26067e-05	c.3154G>A	p.Val1052Ile	19	AR	Multiple lipomas	152282	FALSE	0.288160264383511	3.03155536958032e-05	3031.55536958032	1
EGFR	Uncertain_significance	55205286	152148	2.62902e-05	c.3167C>T	p.Pro1056Leu	19	AR	Multiple lipomas	152282	FALSE	0.288160264383511	1.51508907907747e-05	1515.08907907747	1
EGFR	Uncertain_significance	55205288	152106	6.57436e-06	c.3169G>A	p.Ala1057Thr	19	AR	Multiple lipomas	152282	FALSE	0.288160264383511	3.78889540929535e-06	378.889540929535	1
EGFR	Uncertain_significance	55205291	152150	1.31449e-05	c.3172G>A	p.Gly1058Ser	19	AR	Multiple lipomas	152282	FALSE	0.288160264383511	7.57550293019363e-06	757.550293019363	1
EGFR	Uncertain_significance	55205294	152120	6.57376e-06	c.3175T>C	p.Ser1059Pro	19	AR	Multiple lipomas	152282	FALSE	0.288160264383511	3.78854962486697e-06	378.854962486697	1
EGFR	Uncertain_significance	55205301	152192	1.31413e-05	c.3182A>G	p.Gln1061Arg	19	AR	Multiple lipomas	152282	FALSE	0.288160264383511	7.57342827092038e-06	757.342827092039	1
EGFR	Uncertain_significance	55205319	152084	1.97259e-05	c.3200A>G	p.Asn1067Ser	19	AR	Multiple lipomas	152282	FALSE	0.288160264383511	1.13680520072746e-05	1136.80520072746	1
EGFR	Uncertain_significance	55205334	151378	6.60598e-06	c.3215C>G	p.Pro1072Arg	19	AR	Multiple lipomas	152282	FALSE	0.288160264383511	3.80711824765262e-06	380.711824765262	1
EGFR	Uncertain_significance	55205336	151996	1.97374e-05	c.3217G>A	p.Ala1073Thr	19	AR	Multiple lipomas	152282	FALSE	0.288160264383511	1.13746792395275e-05	1137.46792395275	1
EGFR	Uncertain_significance	55205337	151508	3.30016e-05	c.3218C>T	p.Ala1073Val	19	AR	Multiple lipomas	152282	FALSE	0.288160264383511	1.90184104565552e-05	1901.84104565552	1
EGFR	Uncertain_significance	55205339	151178	3.30736e-05	c.3220C>T	p.Pro1074Ser	19	AR	Multiple lipomas	152282	FALSE	0.288160264383511	1.9059900777212e-05	1905.9900777212	1
EGFR	Uncertain_significance	55205355	152136	6.57307e-06	c.3236A>G	p.His1079Arg	19	AR	Multiple lipomas	152282	FALSE	0.288160264383511	3.78815197277343e-06	378.815197277343	1
EGFR	Uncertain_significance	55019284	151148	6.61603e-06	c.7C>T	p.Pro3Ser	19	AR	Multiple lipomas	152282	FALSE	0.288160264383511	3.81291013608552e-06	381.291013608552	1
EGFR	Uncertain_significance	55146636	152176	6.57134e-06	c.455A>G	p.Asn152Ser	19	AR	Multiple lipomas	152282	FALSE	0.288160264383511	3.78715496099849e-06	378.715496099849	1
EGFR	Uncertain_significance	55146644	152172	6.57151e-06	c.463G>A	p.Ala155Thr	19	AR	Multiple lipomas	152282	FALSE	0.288160264383511	3.7872529332541e-06	378.72529332541	1
EGFR	Uncertain_significance	55019299	151140	6.61638e-06	c.22G>C	p.Gly8Arg	19	AR	Multiple lipomas	152282	FALSE	0.288160264383511	3.81311184363925e-06	381.311184363925	1
EGFR	Uncertain_significance	55019306	151184	1.32289e-05	c.29C>A	p.Ala10Glu	19	AR	Multiple lipomas	152282	FALSE	0.288160264383511	7.62391163921086e-06	762.391163921086	1
EGFR	Uncertain_significance	55019308	151216	6.61306e-06	c.31C>T	p.Leu11Phe	19	AR	Multiple lipomas	152282	FALSE	0.288160264383511	3.81119850340548e-06	381.119850340548	1
EGFR	Uncertain_significance	55019315	151202	7.9364e-05	c.38C>T	p.Ala13Val	19	AR	Multiple lipomas	152282	FALSE	0.288160264383511	4.573280380057e-05	4573.280380057	1
EGFR	Uncertain_significance	55019336	151238	1.32242e-05	c.59C>A	p.Pro20Gln	19	AR	Multiple lipomas	152282	FALSE	0.288160264383511	7.62120305705522e-06	762.120305705522	1
EGFR	Uncertain_significance	55019338	151218	1.98389e-05	c.61G>T	p.Ala21Ser	19	AR	Multiple lipomas	152282	FALSE	0.288160264383511	1.14331717562029e-05	1143.31717562029	1
EGFR	Uncertain_significance	55019344	151234	1.98368e-05	c.67C>T	p.Arg23Trp	19	AR	Multiple lipomas	152282	FALSE	0.288160264383511	1.14319615664114e-05	1143.19615664114	1
EGFR	Uncertain_significance	55019347	151224	1.32254e-05	c.70G>A	p.Ala24Thr	19	AR	Multiple lipomas	152282	FALSE	0.288160264383511	7.62189460995022e-06	762.189460995022	1
EGFR	Uncertain_significance	55142292	152214	6.5697e-06	c.95A>G	p.Gln32Arg	19	AR	Multiple lipomas	152282	FALSE	0.288160264383511	3.78620981688262e-06	378.620981688262	1
EGFR	Uncertain_significance	55142298	152200	6.5703e-06	c.101C>G	p.Thr34Arg	19	AR	Multiple lipomas	152282	FALSE	0.288160264383511	3.78655560131588e-06	378.655560131588	1
EGFR	Uncertain_significance	55142328	152250	6.56814e-06	c.131T>C	p.Phe44Ser	19	AR	Multiple lipomas	152282	FALSE	0.288160264383511	3.78531077735277e-06	378.531077735277	1
EGFR	Uncertain_significance	55142335	152240	6.56858e-05	c.138T>A	p.Asp46Glu	19	AR	Multiple lipomas	152282	FALSE	0.288160264383511	3.78517603641633e-05	3785.17603641633	1
EGFR	Uncertain_significance	55142355	152198	6.57039e-06	c.158G>A	p.Arg53Lys	19	AR	Multiple lipomas	152282	FALSE	0.288160264383511	3.78660746898081e-06	378.660746898081	1
EGFR	Uncertain_significance	55142372	152212	1.31396e-05	c.175G>A	p.Glu59Lys	19	AR	Multiple lipomas	152282	FALSE	0.288160264383511	7.57244857069901e-06	757.244857069901	1
EGFR	Uncertain_significance	55142409	152228	9.19673e-05	c.212A>G	p.Gln71Arg	19	AR	Multiple lipomas	152282	FALSE	0.288160264383511	5.29941849810061e-05	5299.41849810061	1
EGFR	Uncertain_significance	55142423	152214	6.5697e-06	c.226C>A	p.Leu76Ile	19	AR	Multiple lipomas	152282	FALSE	0.288160264383511	3.78620981688262e-06	378.620981688262	1
EGFR	Uncertain_significance	55143356	152178	6.57125e-06	c.292C>T	p.Arg98Ter	19	AR	Multiple lipomas	152282	FALSE	0.288160264383511	3.78710309333374e-06	378.710309333374	1
EGFR	Uncertain_significance	55143357	152194	0.0001117	c.293G>A	p.Arg98Gln	19	AR	Multiple lipomas	152282	FALSE	0.288160264383511	6.43625261732764e-05	6436.25261732764	1
EGFR	Uncertain_significance	55143390	152204	4.59909e-05	c.326G>C	p.Gly109Ala	19	AR	Multiple lipomas	152282	FALSE	0.288160264383511	2.65033846435885e-05	2650.33846435885	1
EGFR	Uncertain_significance	55143396	152232	2.62757e-05	c.332T>C	p.Met111Thr	19	AR	Multiple lipomas	152282	FALSE	0.288160264383511	1.51425349053132e-05	1514.25349053132	1
EGFR	Uncertain_significance	55143397	152224	1.31385e-05	c.333G>A	p.Met111Ile	19	AR	Multiple lipomas	152282	FALSE	0.288160264383511	7.57181464702328e-06	757.181464702328	1
EGFR	Uncertain_significance	55143404	152208	6.56996e-06	c.340G>A	p.Glu114Lys	19	AR	Multiple lipomas	152282	FALSE	0.288160264383511	3.78635965680379e-06	378.635965680379	1
EGFR	Uncertain_significance	55143409	152192	1.97119e-05	c.345T>A	p.Asn115Lys	19	AR	Multiple lipomas	152282	FALSE	0.288160264383511	1.13599840720011e-05	1135.99840720011	1
EGFR	Uncertain_significance	55143416	152208	6.56996e-06	c.352G>T	p.Ala118Ser	19	AR	Multiple lipomas	152282	FALSE	0.288160264383511	3.78635965680379e-06	378.635965680379	1
EGFR	Uncertain_significance	55143432	152212	6.56978e-06	c.368C>T	p.Ser123Phe	19	AR	Multiple lipomas	152282	FALSE	0.288160264383511	3.78625592147376e-06	378.625592147376	1
EGFR	Uncertain_significance	55143443	152188	1.97125e-05	c.379G>A	p.Ala127Thr	19	AR	Multiple lipomas	152282	FALSE	0.288160264383511	1.13603298406637e-05	1136.03298406637	1
EGFR	Uncertain_significance	55143455	152128	1.31468e-05	c.391G>A	p.Gly131Arg	19	AR	Multiple lipomas	152282	FALSE	0.288160264383511	7.57659788924405e-06	757.659788924405	1
EGFR	Uncertain_significance	55143473	152258	6.5678e-06	c.409A>C	p.Met137Leu	19	AR	Multiple lipomas	152282	FALSE	0.288160264383511	3.78511483283921e-06	378.511483283921	1
EGFR	Uncertain_significance	55146614	152168	6.57168e-06	c.433C>A	p.His145Asn	19	AR	Multiple lipomas	152282	FALSE	0.288160264383511	3.78735090550965e-06	378.735090550965	1
EGFR	Uncertain_significance	55146615	152180	3.9427e-05	c.434A>G	p.His145Arg	19	AR	Multiple lipomas	152282	FALSE	0.288160264383511	2.27210349993684e-05	2272.10349993684	1
EGFR	Uncertain_significance	55146620	152098	6.57471e-06	c.439G>A	p.Ala147Thr	19	AR	Multiple lipomas	152282	FALSE	0.288160264383511	3.78909711687825e-06	378.909711687825	1
EGFR	Uncertain_significance	55146623	152126	6.5735e-06	c.442G>A	p.Val148Met	19	AR	Multiple lipomas	152282	FALSE	0.288160264383511	3.78839978494777e-06	378.839978494777	1
EGFR	Uncertain_significance	55146626	152196	1.31409e-05	c.445C>T	p.Arg149Trp	19	AR	Multiple lipomas	152282	FALSE	0.288160264383511	7.57319775322176e-06	757.319775322176	1
EGFR	Uncertain_significance	55146627	152144	6.57272e-06	c.446G>A	p.Arg149Gln	19	AR	Multiple lipomas	152282	FALSE	0.288160264383511	3.78795026518939e-06	378.795026518939	1
EGFR	Uncertain_significance	55146629	152124	6.57358e-06	c.448T>C	p.Phe150Leu	19	AR	Multiple lipomas	152282	FALSE	0.288160264383511	3.78844588953831e-06	378.844588953831	1
EGFR	Uncertain_significance	55160191	152162	6.57194e-06	c.1216C>T	p.Arg406Cys	19	AR	Multiple lipomas	152282	FALSE	0.288160264383511	3.78750074542978e-06	378.750074542978	1
EGFR	Uncertain_significance	55146674	152162	9.20072e-05	c.493C>T	p.Arg165Trp	19	AR	Multiple lipomas	152282	FALSE	0.288160264383511	5.30171728295214e-05	5301.71728295214	1
EGFR	Uncertain_significance	55146675	152140	6.57289e-06	c.494G>A	p.Arg165Gln	19	AR	Multiple lipomas	152282	FALSE	0.288160264383511	3.78804823744452e-06	378.804823744452	1
EGFR	Uncertain_significance	55146681	152060	2.63054e-05	c.500T>C	p.Ile167Thr	19	AR	Multiple lipomas	152282	FALSE	0.288160264383511	1.51596500633589e-05	1515.96500633589	1
EGFR	Uncertain_significance	55146683	152186	6.57091e-06	c.502G>C	p.Val168Leu	19	AR	Multiple lipomas	152282	FALSE	0.288160264383511	3.78690714882229e-06	378.690714882229	1
EGFR	Uncertain_significance	55146707	152170	6.5716e-06	c.526A>G	p.Met176Val	19	AR	Multiple lipomas	152282	FALSE	0.288160264383511	3.78730480091881e-06	378.730480091881	1
EGFR	Uncertain_significance	55146711	152114	1.97221e-05	c.530C>T	p.Ser177Leu	19	AR	Multiple lipomas	152282	FALSE	0.288160264383511	1.13658621391677e-05	1136.58621391677	1
EGFR	Uncertain_significance	55146713	152160	6.57203e-06	c.532A>T	p.Met178Leu	19	AR	Multiple lipomas	152282	FALSE	0.288160264383511	3.78755261309442e-06	378.755261309442	1
EGFR	Uncertain_significance	55146715	152162	6.57194e-06	c.534G>A	p.Met178Ile	19	AR	Multiple lipomas	152282	FALSE	0.288160264383511	3.78750074542978e-06	378.750074542978	1
EGFR	Uncertain_significance	55146731	152218	3.28476e-05	c.550C>G	p.Leu184Val	19	AR	Multiple lipomas	152282	FALSE	0.288160264383511	1.89296672359019e-05	1892.96672359019	1
EGFR	Uncertain_significance	55151308	152210	6.56987e-06	c.439C>A	p.Pro147Thr	19	AR	Multiple lipomas	152282	FALSE	0.288160264383511	3.78630778913878e-06	378.630778913878	1
EGFR	Uncertain_significance	55151321	152216	1.31392e-05	c.452A>G	p.Asn151Ser	19	AR	Multiple lipomas	152282	FALSE	0.288160264383511	7.57221805299902e-06	757.221805299902	1
EGFR	Uncertain_significance	55151344	152236	1.31375e-05	c.475G>A	p.Glu159Lys	19	AR	Multiple lipomas	152282	FALSE	0.288160264383511	7.57123835277051e-06	757.123835277051	1
EGFR	Uncertain_significance	55152582	152138	6.57298e-06	c.530G>A	p.Arg177His	19	AR	Multiple lipomas	152282	FALSE	0.288160264383511	3.78810010510898e-06	378.810010510898	1
EGFR	Uncertain_significance	55152588	152184	1.3142e-05	c.536G>A	p.Arg179His	19	AR	Multiple lipomas	152282	FALSE	0.288160264383511	7.57383167689221e-06	757.383167689221	1
EGFR	Uncertain_significance	55152619	152232	6.56892e-06	c.567C>G	p.Asn189Lys	19	AR	Multiple lipomas	152282	FALSE	0.288160264383511	3.7857602971183e-06	378.57602971183	1
EGFR	Uncertain_significance	55152638	152178	6.57125e-06	c.586A>G	p.Thr196Ala	19	AR	Multiple lipomas	152282	FALSE	0.288160264383511	3.78710309333374e-06	378.710309333374	1
EGFR	Uncertain_significance	55152639	152224	6.56927e-06	c.587C>T	p.Thr196Ile	19	AR	Multiple lipomas	152282	FALSE	0.288160264383511	3.78596200470501e-06	378.596200470501	1
EGFR	Uncertain_significance	55152647	152170	1.31432e-05	c.595C>T	p.Arg199Trp	19	AR	Multiple lipomas	152282	FALSE	0.288160264383511	7.57452322998449e-06	757.452322998449	1
EGFR	Uncertain_significance	55152648	152180	2.62847e-05	c.596G>A	p.Arg199Gln	19	AR	Multiple lipomas	152282	FALSE	0.288160264383511	1.51477213170285e-05	1514.77213170285	1
EGFR	Uncertain_significance	55157699	152198	6.57039e-06	c.1109C>A	p.Thr370Lys	19	AR	Multiple lipomas	152282	FALSE	0.288160264383511	3.78660746898081e-06	378.660746898081	1
EGFR	Uncertain_significance	55157725	152222	6.56935e-06	c.1135G>C	p.Glu379Gln	19	AR	Multiple lipomas	152282	FALSE	0.288160264383511	3.78600810929622e-06	378.600810929622	1
EGFR	Uncertain_significance	55157744	152218	1.97086e-05	c.1154C>A	p.Thr385Asn	19	AR	Multiple lipomas	152282	FALSE	0.288160264383511	1.13580823443438e-05	1135.80823443438	1
EGFR	Uncertain_significance	55160171	152238	6.56866e-06	c.1196A>G	p.Asn399Ser	19	AR	Multiple lipomas	152282	FALSE	0.288160264383511	3.7856104571966e-06	378.56104571966	1
EGFR	Uncertain_significance	55160173	152258	6.5678e-06	c.1198A>G	p.Ile400Val	19	AR	Multiple lipomas	152282	FALSE	0.288160264383511	3.78511483283921e-06	378.511483283921	1
EGFR	Uncertain_significance	55163821	152198	1.31408e-05	c.1585C>T	p.Arg529Trp	19	AR	Multiple lipomas	152282	FALSE	0.288160264383511	7.57314012379705e-06	757.314012379705	1
EGFR	Uncertain_significance	55160226	152242	2.6274e-05	c.1251A>G	p.Ile417Met	19	AR	Multiple lipomas	152282	FALSE	0.288160264383511	1.51415552497488e-05	1514.15552497488	1
EGFR	Uncertain_significance	55160230	152220	1.97083e-05	c.1255T>A	p.Ser419Thr	19	AR	Multiple lipomas	152282	FALSE	0.288160264383511	1.13579094600102e-05	1135.79094600102	1
EGFR	Uncertain_significance	55160263	152250	6.56814e-06	c.1288A>G	p.Ile430Val	19	AR	Multiple lipomas	152282	FALSE	0.288160264383511	3.78531077735277e-06	378.531077735277	1
EGFR	Uncertain_significance	55160267	152232	1.31378e-05	c.1292A>G	p.Asn431Ser	19	AR	Multiple lipomas	152282	FALSE	0.288160264383511	7.57141124104655e-06	757.141124104655	1
EGFR	Uncertain_significance	55160277	152230	6.56901e-06	c.1302A>C	p.Lys434Asn	19	AR	Multiple lipomas	152282	FALSE	0.288160264383511	3.78581216478348e-06	378.581216478348	1
EGFR	Uncertain_significance	55160278	152192	3.28532e-05	c.1303C>G	p.Leu435Val	19	AR	Multiple lipomas	152282	FALSE	0.288160264383511	1.89328942629385e-05	1893.28942629385	1
EGFR	Uncertain_significance	55160283	152234	6.56883e-06	c.1308T>G	p.Phe436Leu	19	AR	Multiple lipomas	152282	FALSE	0.288160264383511	3.78570842945311e-06	378.570842945311	1
EGFR	Uncertain_significance	55160293	152154	6.57229e-06	c.1318G>A	p.Gly440Ser	19	AR	Multiple lipomas	152282	FALSE	0.288160264383511	3.78770245301437e-06	378.770245301437	1
EGFR	Uncertain_significance	55160303	152176	6.57134e-06	c.1328C>G	p.Thr443Ser	19	AR	Multiple lipomas	152282	FALSE	0.288160264383511	3.78715496099849e-06	378.715496099849	1
EGFR	Uncertain_significance	55155887	152084	1.97259e-05	c.812A>G	p.Tyr271Cys	19	AR	Multiple lipomas	152282	FALSE	0.288160264383511	1.13680520072746e-05	1136.80520072746	1
EGFR	Uncertain_significance	55155907	152166	6.57177e-06	c.832G>A	p.Val278Ile	19	AR	Multiple lipomas	152282	FALSE	0.288160264383511	3.78740277317432e-06	378.740277317432	1
EGFR	Uncertain_significance	55155908	152028	0.000164443	c.833T>C	p.Val278Ala	19	AR	Multiple lipomas	152282	FALSE	0.288160264383511	9.47448352117865e-05	9474.48352117865	1
EGFR	Uncertain_significance	55155911	152168	1.31434e-05	c.836G>A	p.Arg279His	19	AR	Multiple lipomas	152282	FALSE	0.288160264383511	7.57463848883293e-06	757.463848883293	1
EGFR	Uncertain_significance	55156550	152236	1.31375e-05	c.889A>C	p.Ile297Leu	19	AR	Multiple lipomas	152282	FALSE	0.288160264383511	7.57123835277051e-06	757.123835277051	1
EGFR	Uncertain_significance	55156554	152214	1.97091e-05	c.893G>T	p.Gly298Val	19	AR	Multiple lipomas	152282	FALSE	0.288160264383511	1.13583704848993e-05	1135.83704848993	1
EGFR	Uncertain_significance	55156577	152242	1.97055e-05	c.916A>G	p.Ile306Val	19	AR	Multiple lipomas	152282	FALSE	0.288160264383511	1.13562958728883e-05	1135.62958728883	1
EGFR	Uncertain_significance	55156631	152256	6.56789e-06	c.970C>A	p.Leu324Ile	19	AR	Multiple lipomas	152282	FALSE	0.288160264383511	3.78516670050459e-06	378.516670050459	1
EGFR	Uncertain_significance	55156773	152234	6.56883e-06	c.1013A>G	p.His338Arg	19	AR	Multiple lipomas	152282	FALSE	0.288160264383511	3.78570842945311e-06	378.570842945311	1
EGFR	Uncertain_significance	55161606	152264	1.31351e-05	c.1471G>A	p.Val491Met	19	AR	Multiple lipomas	152282	FALSE	0.288160264383511	7.56985524655571e-06	756.985524655571	1
EGFR	Uncertain_significance	55161609	152232	6.56892e-06	c.1474G>A	p.Asp492Asn	19	AR	Multiple lipomas	152282	FALSE	0.288160264383511	3.7857602971183e-06	378.57602971183	1
EGFR	Uncertain_significance	55161620	152258	6.5678e-06	c.1485C>A	p.Asn495Lys	19	AR	Multiple lipomas	152282	FALSE	0.288160264383511	3.78511483283921e-06	378.511483283921	1
EGFR	Uncertain_significance	55161621	152270	6.56728e-06	c.1486C>T	p.Leu496Phe	19	AR	Multiple lipomas	152282	FALSE	0.288160264383511	3.78481515299449e-06	378.481515299449	1
EGFR	Uncertain_significance	55163734	152206	2.62802e-05	c.1498G>A	p.Glu500Lys	19	AR	Multiple lipomas	152282	FALSE	0.288160264383511	1.51451281111911e-05	1514.51281111911	1
EGFR	Uncertain_significance	55163769	152184	6.57099e-06	c.1533A>G	p.Ile511Met	19	AR	Multiple lipomas	152282	FALSE	0.288160264383511	3.78695325341324e-06	378.695325341324	1
EGFR	Uncertain_significance	55163779	152192	1.31413e-05	c.1543C>A	p.Pro515Thr	19	AR	Multiple lipomas	152282	FALSE	0.288160264383511	7.57342827092038e-06	757.342827092039	1
EGFR	Uncertain_significance	55163782	152220	6.56944e-06	c.1546G>C	p.Glu516Gln	19	AR	Multiple lipomas	152282	FALSE	0.288160264383511	3.78605997696132e-06	378.605997696132	1
EGFR	Uncertain_significance	55163791	152228	6.56909e-06	c.1555C>T	p.Pro519Ser	19	AR	Multiple lipomas	152282	FALSE	0.288160264383511	3.78585826937473e-06	378.585826937473	1
EGFR	Uncertain_significance	55161501	152282	1.31335e-05	c.1366G>A	p.Ala456Thr	19	AR	Multiple lipomas	152282	FALSE	0.288160264383511	7.56893317573944e-06	756.893317573944	1
EGFR	Uncertain_significance	55165290	152162	6.57194e-06	c.1598A>G	p.Asn533Ser	19	AR	Multiple lipomas	152282	FALSE	0.288160264383511	3.78750074542978e-06	378.750074542978	1
EGFR	Uncertain_significance	55165296	152204	0.000105122	c.1604T>C	p.Ile535Thr	19	AR	Multiple lipomas	152282	FALSE	0.288160264383511	6.0572915990163e-05	6057.2915990163	1
EGFR	Uncertain_significance	55165298	152162	6.57194e-06	c.1606C>A	p.Gln536Lys	19	AR	Multiple lipomas	152282	FALSE	0.288160264383511	3.78750074542978e-06	378.750074542978	1
EGFR	Uncertain_significance	55165305	152190	6.57073e-06	c.1613C>T	p.Ala538Val	19	AR	Multiple lipomas	152282	FALSE	0.288160264383511	3.78680341349261e-06	378.680341349261	1
EGFR	Uncertain_significance	55165319	152144	6.57272e-06	c.1627G>A	p.Gly543Ser	19	AR	Multiple lipomas	152282	FALSE	0.288160264383511	3.78795026518939e-06	378.795026518939	1
EGFR	Uncertain_significance	55165323	152192	6.57065e-06	c.1631C>A	p.Pro544His	19	AR	Multiple lipomas	152282	FALSE	0.288160264383511	3.78675730890162e-06	378.675730890162	1
EGFR	Uncertain_significance	55165323	152192	6.57065e-06	c.1631C>T	p.Pro544Leu	19	AR	Multiple lipomas	152282	FALSE	0.288160264383511	3.78675730890162e-06	378.675730890162	1
EGFR	Uncertain_significance	55165337	152208	6.56996e-06	c.1645A>G	p.Thr549Ala	19	AR	Multiple lipomas	152282	FALSE	0.288160264383511	3.78635965680379e-06	378.635965680379	1
EGFR	Uncertain_significance	55165338	152230	1.3138e-05	c.1646C>A	p.Thr549Asn	19	AR	Multiple lipomas	152282	FALSE	0.288160264383511	7.57152649989714e-06	757.152649989714	1
EGFR	Uncertain_significance	55165344	152196	1.31409e-05	c.1652C>T	p.Pro551Leu	19	AR	Multiple lipomas	152282	FALSE	0.288160264383511	7.57319775322176e-06	757.319775322176	1
EGFR	Uncertain_significance	55165346	152202	1.97106e-05	c.1654G>T	p.Ala552Ser	19	AR	Multiple lipomas	152282	FALSE	0.288160264383511	1.13592349065629e-05	1135.92349065629	1
EGFR	Uncertain_significance	55165388	152226	1.31384e-05	c.1696G>A	p.Ala566Thr	19	AR	Multiple lipomas	152282	FALSE	0.288160264383511	7.57175701759809e-06	757.175701759809	1
EGFR	Uncertain_significance	55161512	152282	6.56676e-06	c.1377G>C	p.Gln459His	19	AR	Multiple lipomas	152282	FALSE	0.288160264383511	3.78451547314924e-06	378.451547314924	1
EGFR	Uncertain_significance	55161523	152266	6.56745e-06	c.1388C>G	p.Ala463Gly	19	AR	Multiple lipomas	152282	FALSE	0.288160264383511	3.78491312525148e-06	378.491312525148	1
EGFR	Uncertain_significance	55161532	152246	7.22515e-05	c.1397C>A	p.Ser466Tyr	19	AR	Multiple lipomas	152282	FALSE	0.288160264383511	4.16348024049583e-05	4163.48024049583	1
EGFR	Uncertain_significance	55161534	152268	1.31347e-05	c.1399C>T	p.Pro467Ser	19	AR	Multiple lipomas	152282	FALSE	0.288160264383511	7.56962472885212e-06	756.962472885212	1
EGFR	Uncertain_significance	55161537	152262	6.56763e-06	c.1402G>A	p.Glu468Lys	19	AR	Multiple lipomas	152282	FALSE	0.288160264383511	3.78501686058234e-06	378.501686058234	1
EGFR	Uncertain_significance	55161538	152222	6.56935e-06	c.1403A>C	p.Glu468Ala	19	AR	Multiple lipomas	152282	FALSE	0.288160264383511	3.78600810929622e-06	378.600810929622	1
EGFR	Uncertain_significance	55161553	152256	1.31358e-05	c.1418C>T	p.Pro473Leu	19	AR	Multiple lipomas	152282	FALSE	0.288160264383511	7.57025865253622e-06	757.025865253622	1
EGFR	Uncertain_significance	55161557	152270	0.000164182	c.1422G>T	p.Glu474Asp	19	AR	Multiple lipomas	152282	FALSE	0.288160264383511	9.45945013249033e-05	9459.45013249033	1
EGFR	Uncertain_significance	55161579	152266	6.56745e-06	c.1444C>T	p.Arg482Trp	19	AR	Multiple lipomas	152282	FALSE	0.288160264383511	3.78491312525148e-06	378.491312525148	1
EGFR	Uncertain_significance	55165373	152236	5.91187e-05	c.1681C>G	p.Leu561Val	19	AR	Multiple lipomas	152282	FALSE	0.288160264383511	3.40678254233293e-05	3406.78254233293	1
EGFR	Uncertain_significance	55165425	152172	6.57151e-06	c.1733A>T	p.Asn578Ile	19	AR	Multiple lipomas	152282	FALSE	0.288160264383511	3.7872529332541e-06	378.72529332541	1
EGFR	Uncertain_significance	55165394	152214	1.31394e-05	c.1702G>A	p.Ala568Thr	19	AR	Multiple lipomas	152282	FALSE	0.288160264383511	7.57233331184906e-06	757.233331184906	1
EGFR	Uncertain_significance	55165397	152192	6.57065e-06	c.1705G>C	p.Gly569Arg	19	AR	Multiple lipomas	152282	FALSE	0.288160264383511	3.78675730890162e-06	378.675730890162	1
EGFR	Uncertain_significance	55165398	152224	1.31385e-05	c.1706G>A	p.Gly569Asp	19	AR	Multiple lipomas	152282	FALSE	0.288160264383511	7.57181464702328e-06	757.181464702328	1
EGFR	Uncertain_significance	55165401	152224	6.56927e-06	c.1709A>G	p.His570Arg	19	AR	Multiple lipomas	152282	FALSE	0.288160264383511	3.78596200470501e-06	378.596200470501	1
EGFR	Uncertain_significance	55165422	152234	6.56883e-06	c.1730C>T	p.Pro577Leu	19	AR	Multiple lipomas	152282	FALSE	0.288160264383511	3.78570842945311e-06	378.570842945311	1
EGFR	Uncertain_significance	55171185	152178	2.6285e-05	c.1756C>T	p.Pro586Ser	19	AR	Multiple lipomas	152282	FALSE	0.288160264383511	1.51478941974162e-05	1514.78941974162	1
EGFR	Uncertain_significance	55171194	152222	3.94161e-05	c.1765G>A	p.Glu589Lys	19	AR	Multiple lipomas	152282	FALSE	0.288160264383511	2.27147539649946e-05	2271.47539649946	1
EGFR	Uncertain_significance	55165355	152228	6.56909e-06	c.1663A>G	p.Met555Val	19	AR	Multiple lipomas	152282	FALSE	0.288160264383511	3.78585826937473e-06	378.585826937473	1
EGFR	Uncertain_significance	55165356	152202	5.25617e-05	c.1664T>C	p.Met555Thr	19	AR	Multiple lipomas	152282	FALSE	0.288160264383511	3.02896240045867e-05	3028.96240045867	1
EGFR	Uncertain_significance	55165366	152246	6.56832e-06	c.1674C>A	p.Asn558Lys	19	AR	Multiple lipomas	152282	FALSE	0.288160264383511	3.78541451268339e-06	378.541451268339	1
EGFR	Uncertain_significance	55165368	152236	6.56875e-06	c.1676A>G	p.Asn559Ser	19	AR	Multiple lipomas	152282	FALSE	0.288160264383511	3.78566232486182e-06	378.566232486182	1
EGFR	Uncertain_significance	55171210	152200	1.31406e-05	c.1781A>G	p.Asn594Ser	19	AR	Multiple lipomas	152282	FALSE	0.288160264383511	7.57302486494758e-06	757.302486494758	1
EGFR	Uncertain_significance	55171207	152218	2.62781e-05	c.1778C>T	p.Thr593Met	19	AR	Multiple lipomas	152282	FALSE	0.288160264383511	1.51439179484531e-05	1514.39179484531	1
EGFR	Uncertain_significance|drug_response	55174014	0	6.56672117045238e-06	c.2020G>A	p.Gly674Ser	19	AR	Multiple lipomas	152282	TRUE	0.288160264383511	3.78449309539379e-06	378.449309539379	1
EGFR	drug_response	55181378	152222	4.59855e-05	c.2234C>T	p.Thr745Met	19	AR	Multiple lipomas	152282	FALSE	0.288160264383511	2.65002730094057e-05	2650.02730094057	1
EGFR	not_provided	55191851	152160	6.57203e-06	c.2467G>A	p.Glu823Lys	19	AR	Multiple lipomas	152282	FALSE	0.288160264383511	3.78755261309442e-06	378.755261309442	1
EGFR	not_provided	55202667	152100	6.57462e-06	c.3178T>G	p.Ser1060Ala	19	AR	Multiple lipomas	152282	FALSE	0.288160264383511	3.7890452492141e-06	378.90452492141	1
EGFR	not_provided	55202706	152200	7.22733e-05	c.3217C>T	p.Gln1073Ter	19	AR	Multiple lipomas	152282	FALSE	0.288160264383511	4.16473630418448e-05	4164.73630418448	1
EGFR	not_provided	55170344	152182	0.000584826	c.1918C>A	p.Leu640Ile	19	AR	Multiple lipomas	152282	FALSE	0.288160264383511	0.000336705208106427	33670.5208106427	1
HMGA2	Likely_benign	65951407	152040	0.00215075	c.274C>G	p.Pro92Ala	19	AR	Multiple lipomas	152058	FALSE	0.0021639028346889	4.68230248091432e-06	468.230248091432	1
HMGA2	Pathogenic	65828082	0	6.57639468890365e-06	c.193C>T	p.Gln65Ter	19	AR	Multiple lipomas	152058	TRUE	0.0021639028346889	2.84181092515991e-08	2.84181092515991	0.941680044848978
HMGA2	Uncertain_significance	65838532	152058	6.57644e-06	c.212C>T	p.Thr71Ile	19	AR	Multiple lipomas	152058	FALSE	0.0021639028346889	2.84183047532494e-08	2.84183047532494	0.941681185052909
MDM2	Conflicting_interpretations_of_pathogenicity	68824559	0	6.56870537385787e-06	c.431T>C	p.Leu144Pro	19	AR	Multiple lipomas	152236	TRUE	0.00226297556074772	2.96864915632965e-08	2.96864915632965	0.948627342529855
MDM2	Likely_benign	68839603	151482	1.98043e-05	c.152T>C	p.Met51Thr	19	AR	Multiple lipomas	152236	FALSE	0.00226297556074772	8.9241083496942e-08	8.9241083496942	0.999866859919943
MDM2	Pathogenic	68839847	0	6.56870537385787e-06	c.1492T>C	p.Ter498GlnextTer5	19	AR	Multiple lipomas	152236	TRUE	0.00226297556074772	2.96864915632965e-08	2.96864915632965	0.948627342529855
MDM2	Uncertain_significance	68809237	152022	0.000184184	c.44C>T	p.Pro15Leu	19	AR	Multiple lipomas	152236	FALSE	0.00226297556074772	7.99684035505515e-07	79.9684035505514	1
MDM2	Uncertain_significance	68820325	151502	1.98017e-05	c.67G>A	p.Glu23Lys	19	AR	Multiple lipomas	152236	FALSE	0.00226297556074772	8.92294189996261e-08	8.92294189996261	0.999866704527296
MDM2	Uncertain_significance	68820366	152112	3.28705e-05	c.350A>G	p.Asn117Ser	19	AR	Multiple lipomas	152236	FALSE	0.00226297556074772	1.47689806568866e-07	14.7689806568866	0.999999614599102
MDM2	Uncertain_significance	68824369	151664	2.63741e-05	c.365C>T	p.Ser122Leu	19	AR	Multiple lipomas	152236	FALSE	0.00226297556074772	1.18672294322623e-07	11.8672294322623	0.999992983388415
MDM2	Uncertain_significance	68809284	152134	6.57315e-06	c.91G>C	p.Glu31Gln	19	AR	Multiple lipomas	152236	FALSE	0.00226297556074772	2.97065493133352e-08	2.97065493133352	0.948730281168611
MDM2	Uncertain_significance	68816849	152050	6.57678e-06	c.212G>A	p.Arg71Gln	19	AR	Multiple lipomas	152236	FALSE	0.00226297556074772	2.97229307816603e-08	2.97229307816603	0.948814199659534
MDM2	Uncertain_significance	68816863	152216	1.31392e-05	c.226A>C	p.Lys76Gln	19	AR	Multiple lipomas	152236	FALSE	0.00226297556074772	5.92947383989128e-08	5.92947383989128	0.997340119337854
MDM2	Uncertain_significance	68828860	151976	6.57999e-06	c.613C>G	p.Leu205Val	19	AR	Multiple lipomas	152236	FALSE	0.00226297556074772	2.97374168515286e-08	2.97374168515286	0.948888294136614
MDM2	Uncertain_significance	68828878	151966	6.58042e-06	c.631A>C	p.Ile211Leu	19	AR	Multiple lipomas	152236	FALSE	0.00226297556074772	2.97393573515346e-08	2.97393573515346	0.948898211134439
MDM2	Uncertain_significance	68828930	152034	1.3155e-05	c.683C>T	p.Pro228Leu	19	AR	Multiple lipomas	152236	FALSE	0.00226297556074772	5.93658329782724e-08	5.93658329782724	0.997358962585405
MDM2	Uncertain_significance	68824407	152130	6.57333e-06	c.403C>T	p.Leu135Phe	19	AR	Multiple lipomas	152236	FALSE	0.00226297556074772	2.97073616181707e-08	2.97073616181707	0.948734445326979
MDM2	Uncertain_significance	68824425	152066	6.57609e-06	c.421C>G	p.Gln141Glu	19	AR	Multiple lipomas	152236	FALSE	0.00226297556074772	2.97198169508668e-08	2.97198169508668	0.948798258725173
MDM2	Uncertain_significance	68828783	152180	0.000197135	c.536A>G	p.Asp179Gly	19	AR	Multiple lipomas	152236	FALSE	0.00226297556074772	8.53361166111002e-07	85.3361166111002	1
MDM2	Uncertain_significance	68839316	152056	0.000223602	c.961C>T	p.Leu321Phe	19	AR	Multiple lipomas	152236	FALSE	0.00226297556074772	9.62013868264622e-07	96.2013868264622	1
MDM2	Uncertain_significance	68839350	151880	2.63366e-05	c.995G>A	p.Arg332His	19	AR	Multiple lipomas	152236	FALSE	0.00226297556074772	1.18504547806817e-07	11.8504547806817	0.999992864694467
MDM2	Uncertain_significance	68839354	151954	7.23903e-05	c.999G>T	p.Glu333Asp	19	AR	Multiple lipomas	152236	FALSE	0.00226297556074772	3.22394603936301e-07	32.2394603936301	0.99999999999999
MDM2	Uncertain_significance	68839394	151984	1.31593e-05	c.1039A>G	p.Ile347Val	19	AR	Multiple lipomas	152236	FALSE	0.00226297556074772	5.93851814166048e-08	5.93851814166048	0.997364067633325
MDM2	Uncertain_significance	68839469	152040	4.60405e-05	c.1114A>G	p.Ile372Val	19	AR	Multiple lipomas	152236	FALSE	0.00226297556074772	2.0625732496896e-07	20.625732496896	0.999999998897554
MDM2	Uncertain_significance	68839476	152086	1.97257e-05	c.1121A>G	p.Asn374Ser	19	AR	Multiple lipomas	152236	FALSE	0.00226297556074772	8.88884507967924e-08	8.88884507967924	0.999862081203515
MDM2	Uncertain_significance	68839545	151916	1.97478e-05	c.1190G>A	p.Ser397Asn	19	AR	Multiple lipomas	152236	FALSE	0.00226297556074772	8.89876019522275e-08	8.89876019522275	0.9998634419271
MDM2	Uncertain_significance	68839545	151916	1.97478e-05	c.94G>A	p.Val32Met	19	AR	Multiple lipomas	152236	FALSE	0.00226297556074772	8.89876019522275e-08	8.89876019522275	0.9998634419271
MDM2	Uncertain_significance	68839557	151800	6.58762e-06	c.106C>T	p.Leu36Phe	19	AR	Multiple lipomas	152236	FALSE	0.00226297556074772	2.97718493897213e-08	2.97718493897213	0.94906398222696
MDM2	Uncertain_significance	68839557	151800	6.58762e-06	c.1202C>T	p.Ser401Phe	19	AR	Multiple lipomas	152236	FALSE	0.00226297556074772	2.97718493897213e-08	2.97718493897213	0.94906398222696
MDM2	Uncertain_significance	68839574	152066	3.94566e-05	c.1219A>G	p.Ser407Gly	19	AR	Multiple lipomas	152236	FALSE	0.00226297556074772	1.77021819736837e-07	17.7021819736837	0.999999979486519
MDM2	Uncertain_significance	68839587	151996	0.000473697	c.136A>G	p.Ile46Val	19	AR	Multiple lipomas	152236	FALSE	0.00226297556074772	1.91954062059002e-06	191.954062059002	1
MDM2	Uncertain_significance	68839587	151996	0.000473697	c.1232A>G	p.Tyr411Cys	19	AR	Multiple lipomas	152236	FALSE	0.00226297556074772	1.91954062059002e-06	191.954062059002	1
MDM2	Uncertain_significance	68839596	152000	2.63158e-05	c.145A>T	p.Lys49Ter	19	AR	Multiple lipomas	152236	FALSE	0.00226297556074772	1.18411503193409e-07	11.8411503193409	0.999992797994412
MDM2	Uncertain_significance	68839596	152000	2.63158e-05	c.1241A>T	p.Gln414Leu	19	AR	Multiple lipomas	152236	FALSE	0.00226297556074772	1.18411503193409e-07	11.8411503193409	0.999992797994412
MDM2	Uncertain_significance	68839597	152008	7.89432e-05	c.146A>C	p.Lys49Thr	19	AR	Multiple lipomas	152236	FALSE	0.00226297556074772	3.51061035748198e-07	35.1061035748198	0.999999999999999
MDM2	Uncertain_significance	68839597	152008	7.89432e-05	c.1242A>C	p.Gln414His	19	AR	Multiple lipomas	152236	FALSE	0.00226297556074772	3.51061035748198e-07	35.1061035748198	0.999999999999999
MDM2	Uncertain_significance	68839644	151798	1.31754e-05	c.1289A>T	p.Glu430Val	19	AR	Multiple lipomas	152236	FALSE	0.00226297556074772	5.94576252409909e-08	5.94576252409909	0.997383094336171
MDM2	Uncertain_significance	68835962	152200	1.97109e-05	c.818A>C	p.Glu273Ala	19	AR	Multiple lipomas	152236	FALSE	0.00226297556074772	8.88220503818743e-08	8.88220503818743	0.999861162369373
MDM2	Uncertain_significance	68836744	152236	6.56875e-06	c.913T>G	p.Leu305Val	19	AR	Multiple lipomas	152236	FALSE	0.00226297556074772	2.96866929527606e-08	2.96866929527606	0.948628377136311
MDM2	Uncertain_significance	68839310	151910	1.31657e-05	c.955C>A	p.Pro319Thr	19	AR	Multiple lipomas	152236	FALSE	0.00226297556074772	5.94139790237824e-08	5.94139790237824	0.997371647575068
